1,16,Tudor,Suiu,19,tudor.suiu@example.com,parola123,40753912113,13,Luke,Gilbert,20,luke.gilbert@example.com,adrian43,40753176438,Hi! This is a test.
2,13,Luke,Gilbert,20,luke.gilbert@example.com,adrian43,40753176438,16,Tudor,Suiu,19,tudor.suiu@example.com,parola123,40753912113,Hi! That's fine!
3,16,Tudor,Suiu,19,tudor.suiu@example.com,parola123,40753912113,13,Luke,Gilbert,20,luke.gilbert@example.com,adrian43,40753176438,Ok. Bye!
4,1,Raul,Graham,24,raul.graham@example.com,kiwi,40753209902,6,Ella,Fowler,33,ella.fowler@example.com,woofer,40753487886,Hi! This is a test.
5,6,Ella,Fowler,33,ella.fowler@example.com,woofer,40753487886,1,Raul,Graham,24,raul.graham@example.com,kiwi,40753209902,Hi! That's fine.
6,1,Raul,Graham,24,raul.graham@example.com,kiwi,40753209902,6,Ella,Fowler,33,ella.fowler@example.com,woofer,40753487886,Hi! Ok bye!
7,2,Dylan,Harris,42,dylan.harris@example.com,snoopy1,40753809608,3,Miriam,Olson,50,miriam.olson@example.com,printing,40753396529,Hi! This is a test.
8,3,Miriam,Olson,50,miriam.olson@example.com,printing,40753396529,2,Dylan,Harris,42,dylan.harris@example.com,snoopy1,40753809608,Hi! That's fine.
9,2,Dylan,Harris,42,dylan.harris@example.com,snoopy1,40753809608,3,Miriam,Olson,50,miriam.olson@example.com,printing,40753396529,Hi! Ok bye!
10,3,Miriam,Olson,50,miriam.olson@example.com,printing,40753396529,13,Luke,Gilbert,20,luke.gilbert@example.com,adrian43,40753176438,Hi! This is a test.
11,13,Luke,Gilbert,20,luke.gilbert@example.com,adrian43,40753176438,3,Miriam,Olson,50,miriam.olson@example.com,printing,40753396529,Hi! That's fine.
12,3,Miriam,Olson,50,miriam.olson@example.com,printing,40753396529,13,Luke,Gilbert,20,luke.gilbert@example.com,adrian43,40753176438,Hi! Ok bye!
13,4,Todd,Ortiz,26,todd.ortiz@example.com,oregon,40753945220,10,Dave,Kuhn,29,dave.kuhn@example.com,bullseye,40753890376,Hi! This is a test.
14,10,Dave,Kuhn,29,dave.kuhn@example.com,bullseye,40753890376,4,Todd,Ortiz,26,todd.ortiz@example.com,oregon,40753945220,Hi! That's fine.
15,4,Todd,Ortiz,26,todd.ortiz@example.com,oregon,40753945220,10,Dave,Kuhn,29,dave.kuhn@example.com,bullseye,40753890376,Hi! Ok bye!
16,5,Martin,Flores,54,martin.flores@example.com,chandler,40753815105,13,Luke,Gilbert,20,luke.gilbert@example.com,adrian43,40753176438,Hi! This is a test.
17,13,Luke,Gilbert,20,luke.gilbert@example.com,adrian43,40753176438,5,Martin,Flores,54,martin.flores@example.com,chandler,40753815105,Hi! That's fine.
18,5,Martin,Flores,54,martin.flores@example.com,chandler,40753815105,13,Luke,Gilbert,20,luke.gilbert@example.com,adrian43,40753176438,Hi! Ok bye!
19,6,Ella,Fowler,33,ella.fowler@example.com,woofer,40753487886,12,Bob,Wells,63,bob.wells@example.com,Coming123,40753765765,Hi! This is a test.
20,12,Bob,Wells,63,bob.wells@example.com,Coming123,40753765765,6,Ella,Fowler,33,ella.fowler@example.com,woofer,40753487886,Hi! That's fine.
21,6,Ella,Fowler,33,ella.fowler@example.com,woofer,40753487886,12,Bob,Wells,63,bob.wells@example.com,Coming123,40753765765,Hi! Ok bye!
22,7,Amber,Lane,23,amber.lane@example.com,fidelio,40753524146,2,Dylan,Harris,42,dylan.harris@example.com,snoopy1,40753809608,Hi! This is a test.
23,2,Dylan,Harris,42,dylan.harris@example.com,snoopy1,40753809608,7,Amber,Lane,23,amber.lane@example.com,fidelio,40753524146,Hi! That's fine.
24,7,Amber,Lane,23,amber.lane@example.com,fidelio,40753524146,2,Dylan,Harris,42,dylan.harris@example.com,snoopy1,40753809608,Hi! Ok bye!
25,8,Terri,Rhodes,35,terri.rhodes@example.com,chinese,40753650209,16,Tudor,Suiu,19,tudor.suiu@example.com,parola123,40753912113,Hi! This is a test.
26,16,Tudor,Suiu,19,tudor.suiu@example.com,parola123,40753912113,8,Terri,Rhodes,35,terri.rhodes@example.com,chinese,40753650209,Hi! That's fine.
27,8,Terri,Rhodes,35,terri.rhodes@example.com,chinese,40753650209,16,Tudor,Suiu,19,tudor.suiu@example.com,parola123,40753912113,Hi! Ok bye!
28,9,Ann,Palmer,51,ann.palmer@example.com,bowwow,40753402085,16,Tudor,Suiu,19,tudor.suiu@example.com,parola123,40753912113,Hi! This is a test.
29,16,Tudor,Suiu,19,tudor.suiu@example.com,parola123,40753912113,9,Ann,Palmer,51,ann.palmer@example.com,bowwow,40753402085,Hi! That's fine.
30,9,Ann,Palmer,51,ann.palmer@example.com,bowwow,40753402085,16,Tudor,Suiu,19,tudor.suiu@example.com,parola123,40753912113,Hi! Ok bye!
31,10,Dave,Kuhn,29,dave.kuhn@example.com,bullseye,40753890376,12,Bob,Wells,63,bob.wells@example.com,Coming123,40753765765,Hi! This is a test.
32,12,Bob,Wells,63,bob.wells@example.com,Coming123,40753765765,10,Dave,Kuhn,29,dave.kuhn@example.com,bullseye,40753890376,Hi! That's fine.
33,10,Dave,Kuhn,29,dave.kuhn@example.com,bullseye,40753890376,12,Bob,Wells,63,bob.wells@example.com,Coming123,40753765765,Hi! Ok bye!
34,11,Ross,Riley,32,ross.riley@example.com,operations,40753070755,4,Todd,Ortiz,26,todd.ortiz@example.com,oregon,40753945220,Hi! This is a test.
35,4,Todd,Ortiz,26,todd.ortiz@example.com,oregon,40753945220,11,Ross,Riley,32,ross.riley@example.com,operations,40753070755,Hi! That's fine.
36,11,Ross,Riley,32,ross.riley@example.com,operations,40753070755,4,Todd,Ortiz,26,todd.ortiz@example.com,oregon,40753945220,Hi! Ok bye!
37,12,Bob,Wells,63,bob.wells@example.com,Coming123,40753765765,13,Luke,Gilbert,20,luke.gilbert@example.com,adrian43,40753176438,Hi! This is a test.
38,13,Luke,Gilbert,20,luke.gilbert@example.com,adrian43,40753176438,12,Bob,Wells,63,bob.wells@example.com,Coming123,40753765765,Hi! That's fine.
39,12,Bob,Wells,63,bob.wells@example.com,Coming123,40753765765,13,Luke,Gilbert,20,luke.gilbert@example.com,adrian43,40753176438,Hi! Ok bye!
40,13,Luke,Gilbert,20,luke.gilbert@example.com,adrian43,40753176438,2,Dylan,Harris,42,dylan.harris@example.com,snoopy1,40753809608,Hi! This is a test.
41,2,Dylan,Harris,42,dylan.harris@example.com,snoopy1,40753809608,13,Luke,Gilbert,20,luke.gilbert@example.com,adrian43,40753176438,Hi! That's fine.
42,13,Luke,Gilbert,20,luke.gilbert@example.com,adrian43,40753176438,2,Dylan,Harris,42,dylan.harris@example.com,snoopy1,40753809608,Hi! Ok bye!
43,14,Tim,Diaz,27,tim.diaz@example.com,1214,40753042360,12,Bob,Wells,63,bob.wells@example.com,Coming123,40753765765,Hi! This is a test.
44,12,Bob,Wells,63,bob.wells@example.com,Coming123,40753765765,14,Tim,Diaz,27,tim.diaz@example.com,1214,40753042360,Hi! That's fine.
45,14,Tim,Diaz,27,tim.diaz@example.com,1214,40753042360,12,Bob,Wells,63,bob.wells@example.com,Coming123,40753765765,Hi! Ok bye!
46,15,Francis,Perez,60,francis.perez@example.com,steeler,40753393140,3,Miriam,Olson,50,miriam.olson@example.com,printing,40753396529,Hi! This is a test.
47,3,Miriam,Olson,50,miriam.olson@example.com,printing,40753396529,15,Francis,Perez,60,francis.perez@example.com,steeler,40753393140,Hi! That's fine.
48,15,Francis,Perez,60,francis.perez@example.com,steeler,40753393140,3,Miriam,Olson,50,miriam.olson@example.com,printing,40753396529,Hi! Ok bye!